#List of every sound and if it should be synced;;;
#Eventpath;Should be synced;Should ignore subroot;Sound radius
;;;
event:/creature/bird_small/flap;false;false;0
event:/creature/bird_small/idle;false;false;0
event:/creature/biter/bite_1;false;false;0
event:/creature/biter/idle_1;false;false;0
event:/creature/bleeder/attach_loop;false;false;0
event:/creature/bleeder/detach;false;false;0
event:/creature/bleeder/idle;false;false;0
event:/creature/bleeder/pain;false;false;0
event:/creature/bleeder/punch;false;false;0
event:/creature/blood_kelp_biter/bite;false;false;0
event:/creature/blood_kelp_biter/idle;false;false;0
event:/creature/bloodcrawler/attack;false;false;0
event:/creature/bloodcrawler/idle;false;false;0
event:/creature/boneshark/bite;false;false;0
event:/creature/boneshark/idle;false;false;0
event:/creature/boneshark/roar;false;false;0
event:/creature/crabsnake/alert;false;false;0
event:/creature/crabsnake/attack;false;false;0
event:/creature/crabsnake/attack_cine;false;false;0
event:/creature/crabsnake/idle_swim;false;false;0
event:/creature/crabsquid/attack;false;false;0
event:/creature/crabsquid/charge;false;false;0
event:/creature/crabsquid/emp;false;false;0
event:/creature/crabsquid/idle;false;false;0
event:/creature/crash/angry_loop;false;false;0
event:/creature/crash/attack;false;false;0
event:/creature/crash/die;false;false;0
event:/creature/crash/idle;false;false;0
event:/creature/crash/inflate;false;false;0
event:/creature/crash/open_pod;false;false;0
event:/creature/crawler/attack;false;false;0
event:/creature/crawler/idle;false;false;0
event:/creature/crawler/jump;false;false;0
event:/creature/cute_fish/command_follow;false;false;0
event:/creature/cute_fish/command_stay;false;false;0
event:/creature/cute_fish/death;false;false;0
event:/creature/cute_fish/flinch;false;false;0
event:/creature/cute_fish/idle;false;false;0
event:/creature/cute_fish/interact_feed;false;false;0
event:/creature/cute_fish/interact_hifive;false;false;0
event:/creature/cute_fish/interact_magic;false;false;0
event:/creature/cute_fish/interact_petting;false;false;0
event:/creature/cute_fish/say_bye;false;false;0
event:/creature/cute_fish/tease_1;false;false;0
event:/creature/cute_fish/tease_2;false;false;0
event:/creature/enzyme_cure;false;false;0
event:/creature/garry/idle;false;false;0
event:/creature/gasopod/idle;false;false;0
event:/creature/gasopod/pod_burst;false;false;0
event:/creature/gasopod/pod_release;false;false;0
event:/creature/ghostleviathan/bite;false;false;0
event:/creature/ghostleviathan/charge;false;false;0
event:/creature/ghostleviathan/idle;false;false;0
event:/creature/ghostray/idle;false;false;0
event:/creature/glowray/sing;false;false;0
event:/creature/jumper/idle;false;false;0
event:/creature/larva/attach;false;false;0
event:/creature/larva/idle;false;false;0
event:/creature/larva/pain;false;false;0
event:/creature/lavalizard/bite;false;false;0
event:/creature/lavalizard/charge;false;false;0
event:/creature/lavalizard/lava_dive;false;false;0
event:/creature/lavalizard/roar;false;false;0
event:/creature/lavalizard/spit;false;false;0
event:/creature/lavalizard/spit_hit;false;false;0
event:/creature/lavalizard/wound;false;false;0
event:/creature/magistrate/cin_baby_interact;false;false;0
event:/creature/magistrate/cin_emp_appear;false;false;0
event:/creature/magistrate/cin_emp_sand_clear;false;false;0
event:/creature/magistrate/cin_landing;false;false;0
event:/creature/magistrate/encounter_1;false;false;0
event:/creature/magistrate/encounter_2;false;false;0
event:/creature/magistrate/encounter_3;false;false;0
event:/creature/magistrate/encounter_4;false;false;0
event:/creature/magistrate/enzyme_ball_drop;false;false;0
event:/creature/magistrate/enzyme_spray;false;false;0
event:/creature/magistrate/face_loop;false;false;0
event:/creature/magistrate/swimloop;false;false;0
event:/creature/magistrate/telepathy_1;false;false;0
event:/creature/magistrate/telepathy_2;false;false;0
event:/creature/magistrate/telepathy_3;false;false;0
event:/creature/mesmer/attack;false;false;0
event:/creature/mesmer/mesmerize_loop;false;false;0
event:/creature/oculus/idle;false;false;0
event:/creature/peeper/chirp;false;false;0
event:/creature/ray/sing;false;false;0
event:/creature/reaper/attack_player;false;false;0
event:/creature/reaper/attack_player_claw;false;false;0
event:/creature/reaper/attack_seamoth;false;false;0
event:/creature/reaper/idle;false;false;0
event:/creature/reefback/idle;false;false;0
event:/creature/robocrawler/attack;false;false;0
event:/creature/robocrawler/idle;false;false;0
event:/creature/robocrawler/jump;false;false;0
event:/creature/sandshark/alert;false;false;0
event:/creature/sandshark/attack;false;false;0
event:/creature/sandshark/bite;false;false;0
event:/creature/sandshark/burrow;false;false;0
event:/creature/sandshark/death;false;false;0
event:/creature/sandshark/idle;false;false;0
event:/creature/sandshark/move_sand;false;false;0
event:/creature/sandshark/pain;false;false;0
event:/creature/seadragon/attack_mech_cin;false;false;0
event:/creature/seadragon/attack_player_bite;false;false;0
event:/creature/seadragon/attack_player_claw;false;false;0
event:/creature/seadragon/fireattack_loop;false;false;0
event:/creature/seadragon/idle;false;false;0
event:/creature/shocker/bite;false;false;0
event:/creature/shocker/idle_loop;false;false;0
event:/creature/shocker/shock;false;false;0
event:/creature/spike_plant/player_hit;false;false;0
event:/creature/spine_eel/bite;false;false;0
event:/creature/spine_eel/idle;false;false;0
event:/creature/spine_eel/roar;false;false;0
event:/creature/tred/attack_down_nostomp;false;false;0
event:/creature/tred/idle;false;false;0
event:/creature/tred/shit_from_ass;false;false;0
event:/creature/tred/step;false;false;0
event:/creature/tred/stomp;false;false;0
event:/creature/trident/bite;false;false;0
event:/creature/trident/charge;false;false;0
event:/creature/trident/roar;false;false;0
event:/creature/trident/tooth_break;false;false;0
event:/creature/trident/wound;false;false;0
event:/creature/warper/idle;false;false;0
event:/creature/warper/portal_close;false;false;0
event:/creature/warper/portal_open;false;false;0
event:/creature/warper/swipe;false;false;0
event:/env/antechamber_lights_on;false;false;0
event:/env/antechamber_pillar_down;false;false;0
event:/env/antechamber_pillar_up;false;false;0
event:/env/antechamber_scan_end;false;false;0
event:/env/antechamber_scan_loop;false;false;0
event:/env/antechamber_scan_start;false;false;0
event:/env/background/arctic_background;false;false;0
event:/env/background/blood_kelp_background;false;false;0
event:/env/background/crash_zone;false;false;0
event:/env/background/debris_fall_fire;false;false;0
event:/env/background/dunes_background;false;false;0
event:/env/background/fire;false;false;0
event:/env/background/floating_islands_background;false;false;0
event:/env/background/generator_room;false;false;0
event:/env/background/grandreef_background;false;false;0
event:/env/background/grasy_background;false;false;0
event:/env/background/jellyshroom_caves;false;false;0
event:/env/background/kelp_background;false;false;0
event:/env/background/koosh_background;false;false;0
event:/env/background/lava_background;false;false;0
event:/env/background/lava_river_loop;false;false;0
event:/env/background/lost_river_background;false;false;0
event:/env/background/mountain_underwater;false;false;0
event:/env/background/mushroom_background;false;false;0
event:/env/background/prec_aquarium;false;false;0
event:/env/background/prec_base_background;false;false;0
event:/env/background/prec_cave_loop;false;false;0
event:/env/background/prec_generator_room_ambience;false;false;0
event:/env/background/reef_background;false;false;0
event:/env/background/shake;false;false;0
event:/env/background/ship_ambience;false;false;0
event:/env/background/ship_explode;false;false;0
event:/env/background/ship_explode_2;false;false;0
event:/env/background/sparse_reef_background;false;false;0
event:/env/background/surface_generic_background;false;false;0
event:/env/background/tredpath;false;false;0
event:/env/background/underislands_background;false;false;0
event:/env/background/wreak_ambience_big;false;false;0
event:/env/bubble_pop;false;false;0
event:/env/bubble_pop_player;false;false;0
event:/env/close_underwater_door;false;false;0
event:/env/creature_teleport;false;false;0
event:/env/damage/acid_loop;false;false;0
event:/env/green_artifact_loop;false;false;0
event:/env/gun_return;false;false;0
event:/env/gun_turn;false;false;0
event:/env/incubator_egg_hatch;false;false;0
event:/env/incubator_powerup;false;false;0
event:/env/input_number;false;false;0
event:/env/keypad_correct;false;false;0
event:/env/keypad_door_open;false;false;0
event:/env/keypad_wrong;false;false;0
event:/env/koosh_ball_death;false;false;0
event:/env/koosh_ball_spores;false;false;0
event:/env/music/antechamber_music;false;false;0
event:/env/music/arctic_background_music;false;false;0
event:/env/music/aurora_reveal;false;false;0
event:/env/music/blood_kelp_background_music;false;false;0
event:/env/music/crash_zone_music;false;false;0
event:/env/music/death_music;false;false;0
event:/env/music/dunes_background_music;false;false;0
event:/env/music/exo_room_music;false;false;0
event:/env/music/firefighting_music;false;false;0
event:/env/music/floating_islands_background_music;false;false;0
event:/env/music/generator_room_music;false;false;0
event:/env/music/grandreef_background_music;false;false;0
event:/env/music/grasy_background_music;false;false;0
event:/env/music/hatch_music;false;false;0
event:/env/music/jellyshroom_caves_music;false;false;0
event:/env/music/kelp_background_music;false;false;0
event:/env/music/koosh_background_music;false;false;0
event:/env/music/lava_background_music;false;false;0
event:/env/music/lost_river_background_music;false;false;0
event:/env/music/lost_river_ghost_tree;false;false;0
event:/env/music/lostriver_tree;false;false;0
event:/env/music/mountain_underwater_music;false;false;0
event:/env/music/mushroom_background_music;false;false;0
event:/env/music/prec_aquarium_music;false;false;0
event:/env/music/prec_base_background_music;false;false;0
event:/env/music/prec_cave_music;false;false;0
event:/env/music/reef_background_music;false;false;0
event:/env/music/ship_ambience_music;false;false;0
event:/env/music/sparse_reef_background_music;false;false;0
event:/env/music/tredpath_music;false;false;0
event:/env/music/underislands_background_music;false;false;0
event:/env/music/wreak_ambience_big_music;false;false;0
event:/env/music/zen_music;false;false;0
event:/env/open_underwater_door;false;false;0
event:/env/pink_artifact_loop;false;false;0
event:/env/pipe_room_pipes_loop;false;false;0
event:/env/plant_cut;false;false;0
event:/env/power_teleporter;false;false;0
event:/env/prec_artifact_loop;false;false;0
event:/env/prec_foce_field_deactivate;false;false;0
event:/env/prec_forcefield_loop;false;false;0
event:/env/prec_light_on;false;false;0
event:/env/prec_light_on_2;false;false;0
event:/env/prec_pillar_down;false;false;0
event:/env/prec_pillar_up;false;false;0
event:/env/prec_vent_enter;false;false;0
event:/env/prec_vent_exit;false;false;0
event:/env/prec_vent_loop;false;false;0
event:/env/shroom_in;false;false;0
event:/env/shroom_out;false;false;0
event:/env/splash;false;false;0
event:/env/teleporter_on_loop;false;false;0
event:/env/use_teleporter_use_loop;false;false;0
event:/env/weather;false;false;0
event:/interface/option_tweek;false;false;0
event:/interface/select;false;false;0
event:/interface/text_type;false;false;0
event:/loot/break_breakable;false;false;0
event:/loot/databox/box_open;true;false;20
event:/loot/floater/floater_hold_loop;false;false;0
event:/loot/hit_breakable;false;false;0
event:/loot/loot_locker_open;false;false;0
event:/loot/new_PDA_data;false;false;0
event:/loot/pickup_copper;false;false;0
event:/loot/pickup_glass;false;false;0
event:/loot/pickup_gold;false;false;0
event:/loot/pickup_quartz;false;false;0
event:/loot/pickup_salt;false;false;0
event:/loot/pickup_scrapmetal;false;false;0
event:/loot/pickup_silver;false;false;0
event:/loot/pickup_tank;false;false;0
event:/loot/prec_crystal_loop;false;false;0
event:/main_menu/credits_music;false;false;0
event:/main_menu/intro_cin;false;false;0
event:/main_menu/intro_cin_music;false;false;0
event:/main_menu/menu_background;false;false;0
event:/main_menu/music;false;false;0
event:/main_menu/unmute_all;false;false;0
event:/player/adviseSelfScan;false;false;0
event:/player/aurora_warning_1;false;false;0
event:/player/aurora_warning_2;false;false;0
event:/player/aurora_warning_3;false;false;0
event:/player/breathing;true;false;20
event:/player/bubbles;true;false;20
event:/player/cold_damage;true;false;20
event:/player/coughing;true;false;20
event:/player/cube terminal_close;false;false;0
event:/player/cube terminal_open;false;false;0
event:/player/cube terminal_use;false;false;0
event:/player/data_terminal_use;false;false;0
event:/player/depth_100;false;false;0
event:/player/depth_200;false;false;0
event:/player/elevator_down;false;false;0
event:/player/elevator_up;false;false;0
event:/player/enzyme_cure;false;false;0
event:/player/food_critical;false;false;0
event:/player/food_low;false;false;0
event:/player/food_very_low;false;false;0
event:/player/footstep_dirt;true;false;20
event:/player/footstep_metal;true;false;20
event:/player/footstep_precursor_base;true;false;20
event:/player/goal_airsack;false;false;0
event:/player/goal_BiomeKelpForest;false;false;0
event:/player/goal_BiomePrecursorGunUpper;false;false;0
event:/player/goal_BiomePrecursorGunUpper2;false;false;0
event:/player/goal_BiomePrecursorGunUpper3;false;false;0
event:/player/goal_BiomePrecursorGunUpper4;false;false;0
event:/player/goal_Bladderfish;false;false;0
event:/player/goal_CookedPeeper;false;false;0
event:/player/goal_Copper;false;false;0
event:/player/goal_Fins;false;false;0
event:/player/goal_Knife;false;false;0
event:/player/goal_lifepod2;false;false;0
event:/player/goal_lifepod3;false;false;0
event:/player/goal_PDALoading;false;false;0
event:/player/goal_Scanner;false;false;0
event:/player/gun_door_open;false;false;0
event:/player/gun_door_sick;false;false;0
event:/player/gunterminal_access_denied;true;false;20
event:/player/gunterminal_access_granted;true;false;20
event:/player/gunterminal_close;true;false;20
event:/player/gunterminal_first_use;true;false;20
event:/player/gunterminal_open_loop;true;false;20
event:/player/gunterminal_use;true;false;20
event:/player/gunterminal_use_healed;true;false;20
event:/player/hand_infection_cin;false;false;0
event:/player/hatch_eggs;false;false;0
event:/player/heat_damage;true;false;20
event:/player/infection_heal_cin;false;false;0
event:/player/infection_scan_advise_full;false;false;0
event:/player/invalid_construction;false;false;0
event:/player/inventory_secured;false;false;0
event:/player/jump;true;false;20
event:/player/key terminal_close;false;false;0
event:/player/key terminal_open;false;false;0
event:/player/key_terminal_use;false;false;0
event:/player/new_creature;false;false;0
event:/player/oxygen_10_sec;false;false;0
event:/player/oxygen_30_sec;false;false;0
event:/player/Pain;true;false;20
event:/player/Pain_no_tank;true;false;20
event:/player/pain_no_tank_light;true;false;20
event:/player/Pain_surface;true;false;20
event:/player/Precursor_Gun_ControlRoom;false;false;0
event:/player/Precursor_Gun_DisableDenied;false;false;0
event:/player/Precursor_Gun_LostRiverHint;false;false;0
event:/player/Precursor_LostRiverBase_Log_1;false;false;0
event:/player/Precursor_LostRiverBase_Log_2;false;false;0
event:/player/Precursor_LostRiverBase_Log_4;false;false;0
event:/player/Precursor_LostRiverBase_Log_5;false;false;0
event:/player/Precursor_LostRiverBase_Log_6;false;false;0
event:/player/Precursor_LostRiverBase_Log_7;false;false;0
event:/player/radiation;false;false;0
event:/player/radiation_fix;false;false;0
event:/player/radiation_remaining;false;false;0
event:/player/selfScan1;false;false;0
event:/player/selfScan2;false;false;0
event:/player/selfScan3;false;false;0
event:/player/selfScan3b;false;false;0
event:/player/selfScan4;false;false;0
event:/player/selfScan5;false;false;0
event:/player/signal_upload;false;false;0
event:/player/start_freedive;false;false;0
event:/player/start_freedive_splash;true;false;30
event:/player/step;true;false;20
event:/player/stillsuit_equipped;false;false;0
event:/player/story/Aurora_RingRoom_Terminal2;false;false;0
event:/player/story/Ency_Aurora_RingRoom_Terminal3;false;false;0
event:/player/story/Ending_zinger;false;false;0
event:/player/story/Goal_BaseWindow;false;false;0
event:/player/story/Goal_Bench;false;false;0
event:/player/story/Goal_BiomeBloodKelp;false;false;0
event:/player/story/Goal_BiomeBloodKelp2;false;false;0
event:/player/story/Goal_BiomeCrashedShip;false;false;0
event:/player/story/Goal_BiomeCrashZone;false;false;0
event:/player/story/Goal_BiomeDeepGrandReef;false;false;0
event:/player/story/Goal_BiomeDunes;false;false;0
event:/player/story/Goal_BiomeFloatingIsland;false;false;0
event:/player/story/Goal_BiomeGrassyPlateaus;false;false;0
event:/player/story/Goal_BiomeJellyCave;false;false;0
event:/player/story/Goal_BiomeJellyCave2;false;false;0
event:/player/story/Goal_BiomeKelpForestCave;false;false;0
event:/player/story/Goal_BiomeKooshZone;false;false;0
event:/player/story/Goal_BiomeLostRiver;false;false;0
event:/player/story/Goal_BiomeMountainCave;false;false;0
event:/player/story/Goal_BiomeMountains;false;false;0
event:/player/story/Goal_BiomeMushroomForest;false;false;0
event:/player/story/Goal_BiomeMushroomForestCave;false;false;0
event:/player/story/Goal_BiomeSafeShallowsCave;false;false;0
event:/player/story/Goal_BiomeSeaTreaderPath;false;false;0
event:/player/story/Goal_BiomeSparseReef;false;false;0
event:/player/story/Goal_BiomeUnderwaterIslands;false;false;0
event:/player/story/Goal_BiomeVoid;false;false;0
event:/player/story/Goal_Bioreactor;false;false;0
event:/player/story/Goal_Bleach;false;false;0
event:/player/story/Goal_Builder;false;false;0
event:/player/story/Goal_CookedGarryfish;false;false;0
event:/player/story/Goal_CookedHoverfish;false;false;0
event:/player/story/Goal_Cyclops;false;false;0
event:/player/story/Goal_Diamond;false;false;0
event:/player/story/Goal_Exo;false;false;0
event:/player/story/Goal_FarmingTray;false;false;0
event:/player/story/Goal_JellyCaveEntrance;false;false;0
event:/player/story/Goal_Location AuroraDriveInterior;false;false;0
event:/player/story/Goal_LocationAuroraDriveEntry;false;false;0
event:/player/story/Goal_LocationAuroraEntry;false;false;0
event:/player/story/Goal_LocationAuroraExoRoom;false;false;0
event:/player/story/Goal_LocationAuroraFurtherIn;false;false;0
event:/player/story/Goal_LocationAuroraHallway;false;false;0
event:/player/story/Goal_LocationAuroraInterior;false;false;0
event:/player/story/Goal_LostRiverEntrance;false;false;0
event:/player/story/Goal_Lubricant;false;false;0
event:/player/story/Goal_Moonpool;false;false;0
event:/player/story/Goal_NuclearReactor;false;false;0
event:/player/story/Goal_Observatory;false;false;0
event:/player/story/Goal_PurifiedWater;false;false;0
event:/player/story/Goal_RadSuit;false;false;0
event:/player/story/Goal_Room;false;false;0
event:/player/story/Goal_Seaglide;false;false;0
event:/player/story/Goal_Seamoth;false;false;0
event:/player/story/Goal_SecondarySystems;false;false;0
event:/player/story/Goal_Silver;false;false;0
event:/player/story/Goal_StasisRifle;false;false;0
event:/player/story/Goal_UnlockRadSuit;false;false;0
event:/player/story/Goal_WaterPark;false;false;0
event:/player/story/OvereatingWarning;false;false;0
event:/player/story/PDASunbeamDestroyEventOutOfRange;false;false;0
event:/player/story/Precursor_Gun_Disabled;false;false;0
event:/player/story/Precursor_LavaCastle_Log1;false;false;0
event:/player/story/Precursor_LavaCastle_Log2;false;false;0
event:/player/story/Precursor_LavaCastle_Log3;false;false;0
event:/player/story/Precursor_LavaCastle_Log4;false;false;0
event:/player/story/Precursor_Prison_Antechamber_Log1;false;false;0
event:/player/story/Precursor_Prison_Aquarium_EnvironmentLog1;false;false;0
event:/player/story/Precursor_Prison_Aquarium_EnvironmentLog2;false;false;0
event:/player/story/Precursor_Prison_Aquarium_EnvironmentLog3;false;false;0
event:/player/story/Precursor_Prison_Aquarium_EnvironmentLog4;false;false;0
event:/player/story/Precursor_Prison_Aquarium_EnvironmentLog5;false;false;0
event:/player/story/Precursor_Prison_ExteriorLog1;false;false;0
event:/player/story/Precursor_Prison_MoonPool_Log1;false;false;0
event:/player/story/RadioCaptainsQuartersCode;false;false;0
event:/player/story/RadioGrassy25NoSignalAlt;false;false;0
event:/player/story/RadioKelp28NoSignalAlt;false;false;0
event:/player/story/RadioMushroom24NoSignalAlt;false;false;0
event:/player/story/RadioPrecursor1;false;false;0
event:/player/story/RadioRadiationSuitNoSignalAlt;false;false;0
event:/player/story/RadioShallows22NoSignalAlt;false;false;0
event:/player/story/RadioWarper1;false;false;0
event:/player/story/RadioWarper2;false;false;0
event:/player/story/Rocket_ReadyGunStillActive;false;false;0
event:/player/story/Story_AuroraConsole2;false;false;0
event:/player/story/Story_AuroraConsole3;false;false;0
event:/player/story/VO/Ency_Aurora_Cargo_PDA2;false;false;0
event:/player/story/VO/Ency_Aurora_Living_Area_PDA2b;false;false;0
event:/player/story/VO/Ency_DeepPDA1;false;false;0
event:/player/story/VO/Ency_DeepPDA2;false;false;0
event:/player/story/VO/Ency_DeepPDA3;false;false;0
event:/player/story/VO/Ency_DeepPDA4;false;false;0
event:/player/story/VO/Ency_InnerBiomeWreckLore7;false;false;0
event:/player/story/VO/Ency_IslandsPDABase1a;false;false;0
event:/player/story/VO/Ency_IslandsPDABase1bDesk;false;false;0
event:/player/story/VO/Ency_IslandsPDABase1Desk;false;false;0
event:/player/story/VO/Ency_IslandsPDABase1Interior;false;false;0
event:/player/story/VO/Ency_IslandsPDAExterior;false;false;0
event:/player/story/VO/Ency_JellyPDABrokenCorridor;false;false;0
event:/player/story/VO/Ency_JellyPDAExterior;false;false;0
event:/player/story/VO/Ency_JellyPDAObservatory;false;false;0
event:/player/story/VO/Ency_JellyPDARoom1Desk;false;false;0
event:/player/story/VO/Ency_JellyPDARoom1Locker;false;false;0
event:/player/story/VO/Ency_JellyPDARoom2Desk;false;false;0
event:/player/story/VO/Ency_JellyPDARoom2Locker;false;false;0
event:/player/story/VO/Ency_Lifepod1;false;false;0
event:/player/story/VO/Ency_Lifepod2;false;false;0
event:/player/story/VO/Ency_Lifepod3;false;false;0
event:/player/story/VO/Ency_Lifepod4;false;false;0
event:/player/story/VO/Ency_LifepodCrashZone1;false;false;0
event:/player/story/VO/Ency_LifepodCrashZone2;false;false;0
event:/player/story/VO/Ency_LifepodDecoy;false;false;0
event:/player/story/VO/Ency_LifepodKeenDialog;false;false;0
event:/player/story/VO/Ency_LifepodRandom;false;false;0
event:/player/story/VO/Ency_LifepodSeaglide;false;false;0
event:/player/story/VO/Ency_OuterBiomeWreckLore9;false;false;0
event:/player/story/VO/Ency_RendezvousFloatingIsland;false;false;0
event:/player/story/VO/RadioBloodKelp29;false;false;0
event:/player/story/VO/RadioGrassy21;false;false;0
event:/player/story/VO/RadioGrassy25;false;false;0
event:/player/story/VO/RadioKelp28;false;false;0
event:/player/story/VO/RadioMushroom24;false;false;0
event:/player/story/VO/RadioRadiationSuit (male);false;false;0
event:/player/story/VO/RadioSecondOfficer;false;false;0
event:/player/story/VO/RadioShallows22;false;false;0
event:/player/surface;false;false;20
event:/player/surface_no_air;false;false;20
event:/player/surface_tank;false;false;20
event:/player/swim_surface;false;false;20
event:/player/swim_underwater;true;false;20
event:/player/vitals_ok;false;false;0
event:/player/water_critical;false;false;0
event:/player/water_low;false;false;0
event:/player/water_very_low;false;false;0
event:/sub/base/AI_nopower;false;false;0
event:/sub/base/base_background;false;false;0
event:/sub/base/bioreactor_hatch_close;true;true;20
event:/sub/base/bioreactor_hatch_open;true;true;20
event:/sub/base/bulkhead_close_back;true;true;20
event:/sub/base/bulkhead_close_front;true;true;20
event:/sub/base/bulkhead_open_back;true;true;20
event:/sub/base/bulkhead_open_front;true;true;20
event:/sub/base/coffeemachine_idle;true;false;20
event:/sub/base/enter_hatch;true;true;20
event:/sub/base/enter_seamoth_left;true;true;20
event:/sub/base/enter_seamoth_right;true;true;20
event:/sub/base/exit_hatch;true;true;20
event:/sub/base/hull_breach;false;false;0
event:/sub/base/hull_restored;false;false;0
event:/sub/base/make_coffee;true;false;30
event:/sub/base/map room/apear;false;false;0
event:/sub/base/map room/map_room_background;false;false;0
event:/sub/base/map room/scan;false;false;0
event:/sub/base/map room/select;false;false;0
event:/sub/base/medkit_locker/close;true;false;20
event:/sub/base/medkit_locker/open;true;false;20
event:/sub/base/nuke_gen_loop;false;false;0
event:/sub/base/power_down;false;false;0
event:/sub/base/power_down_3D;false;false;0
event:/sub/base/power_loop;false;false;0
event:/sub/base/power_off;false;false;0
event:/sub/base/power_structure_damage;false;false;0
event:/sub/base/power_transmitter_death;false;false;0
event:/sub/base/power_up;false;false;0
event:/sub/base/power_up_3D;false;false;0
event:/sub/base/pressure_damage_heavy;false;false;0
event:/sub/base/pressure_damage_light;false;false;0
event:/sub/base/pressure_damage_medium;false;false;0
event:/sub/base/seamoth_dock;false;false;0
event:/sub/base/solar_panel_death;false;false;0
event:/sub/base/thermal_plant_death;false;false;0
event:/sub/base/vendingmachine_use;true;false;20
event:/sub/base/water_filter_loop;false;false;0
event:/sub/base/water_filter_spawn;false;false;0
event:/sub/base/water_filter_spawn_bottle;false;false;0
event:/sub/base/welcome;false;false;0
event:/sub/common/fishsplat;false;false;0
event:/sub/common/splash_in_and_out;false;false;0
event:/sub/common/sub_splash;false;false;0
event:/sub/cyclops/AI_abandon;false;false;0
event:/sub/cyclops/AI_ahead_flank;false;false;0
event:/sub/cyclops/AI_ahead_slow;false;false;0
event:/sub/cyclops/AI_ahead_standard;false;false;0
event:/sub/cyclops/AI_attack;false;false;0
event:/sub/cyclops/AI_cavitate;false;false;0
event:/sub/cyclops/AI_decoy;false;false;0
event:/sub/cyclops/AI_depth_update_1;false;false;0
event:/sub/cyclops/AI_depth_update_2;false;false;0
event:/sub/cyclops/AI_depth_warning_1;false;false;0
event:/sub/cyclops/AI_depth_warning_2;false;false;0
event:/sub/cyclops/AI_drain;false;false;0
event:/sub/cyclops/AI_engine_down;false;false;0
event:/sub/cyclops/AI_engine_heat_critical;false;false;0
event:/sub/cyclops/AI_engine_overheat;false;false;0
event:/sub/cyclops/AI_engine_up;false;false;0
event:/sub/cyclops/AI_external_damage;false;false;0
event:/sub/cyclops/AI_fire_detected;false;false;0
event:/sub/cyclops/AI_fire_extinguished;false;false;0
event:/sub/cyclops/AI_fire_system;false;false;0
event:/sub/cyclops/AI_hull_crit;false;false;0
event:/sub/cyclops/AI_hull_low;false;false;0
event:/sub/cyclops/AI_leak;false;false;0
event:/sub/cyclops/AI_no_power;false;false;0
event:/sub/cyclops/AI_silent_running;false;false;0
event:/sub/cyclops/AI_system_failure;false;false;0
event:/sub/cyclops/AI_welcome;false;false;0
event:/sub/cyclops/AI_welcome_attention;false;false;0
event:/sub/cyclops/climb_back_down;true;false;20
event:/sub/cyclops/climb_back_up;true;false;20
event:/sub/cyclops/climb_front_down;true;false;20
event:/sub/cyclops/climb_front_up;true;false;20
event:/sub/cyclops/control_room_ambience;false;false;0
event:/sub/cyclops/creature_attack_sfx;false;false;0
event:/sub/cyclops/cyclops_door_close;true;true;20
event:/sub/cyclops/cyclops_door_open;true;true;20
event:/sub/cyclops/cyclops_helm_door_open;true;true;20
event:/sub/cyclops/cyclops_loop_epic_fast;false;false;0
event:/sub/cyclops/cyclops_loop_fast;false;false;0
event:/sub/cyclops/cyclops_loop_normal;false;false;0
event:/sub/cyclops/cyclops_loop_rpm;false;false;0
event:/sub/cyclops/cyclops_loop_slow;false;false;0
event:/sub/cyclops/decoy_loop;false;false;0
event:/sub/cyclops/docking_doors_close;false;false;0
event:/sub/cyclops/docking_doors_open;false;false;0
event:/sub/cyclops/docking_hatch_open;false;false;0
event:/sub/cyclops/engine_room;false;false;0
event:/sub/cyclops/enter_hatch;true;true;20
event:/sub/cyclops/explode;false;false;0
event:/sub/cyclops/floodlights_off;false;false;0
event:/sub/cyclops/floodlights_on;false;false;0
event:/sub/cyclops/horn;true;true;500
event:/sub/cyclops/impact_solid_hard;false;false;0
event:/sub/cyclops/impact_solid_medium;false;false;0
event:/sub/cyclops/impact_solid_soft;false;false;0
event:/sub/cyclops/install_mod;false;false;0
event:/sub/cyclops/leak_loop;false;false;0
event:/sub/cyclops/lights_off;false;false;0
event:/sub/cyclops/lights_on;false;false;0
event:/sub/cyclops/load_decoy;false;false;0
event:/sub/cyclops/locker_close;true;true;20
event:/sub/cyclops/locker_open;true;true;20
event:/sub/cyclops/outer_hatch_close;true;true;20
event:/sub/cyclops/outer_hatch_open;true;true;20
event:/sub/cyclops/proximity;false;false;0
event:/sub/cyclops/shield_on_loop;false;false;0
event:/sub/cyclops/siren;false;false;0
event:/sub/cyclops/siren_3d;false;false;0
event:/sub/cyclops/sonar;false;false;0
event:/sub/cyclops/start;false;false;0
event:/sub/cyclops/sub_ambieance;false;false;0
event:/sub/drone/change_camera;false;false;0
event:/sub/drone/connected;false;false;0
event:/sub/drone/connecting_loop;false;false;0
event:/sub/drone/idle;false;false;0
event:/sub/drone/motor_loop;false;false;0
event:/sub/exo/claw_hit_fish;true;true;20
event:/sub/exo/claw_hit_terain;true;true;20
event:/sub/exo/claw_pickup;true;true;20
event:/sub/exo/claw_punch;false;false;20
event:/sub/exo/dock_exo_cyclops;false;false;0
event:/sub/exo/dock_exo_moonpool;false;false;0
event:/sub/exo/drill_hit_loop;true;true;20
event:/sub/exo/drill_loop;true;true;20
event:/sub/exo/enter_exo;false;false;0
event:/sub/exo/hook_hit;true;true;20
event:/sub/exo/hook_loop;true;true;20
event:/sub/exo/hook_shoot;true;true;20
event:/sub/exo/interior_loop;false;false;0
event:/sub/exo/jets_empty;false;false;0
event:/sub/exo/jets_loop;false;false;50
event:/sub/exo/jump;true;true;50
event:/sub/exo/land;true;true;50
event:/sub/exo/step;false;false;50
event:/sub/exo/undock_exo_cyclops;false;false;0
event:/sub/exo/undock_exo_moonpool;false;false;0
event:/sub/exo/welcome;false;false;0
event:/sub/pod/climb_in_bottom;true;true;20
event:/sub/pod/climb_in_top;true;true;20
event:/sub/pod/climb_out_bottom;true;true;20
event:/sub/pod/climb_out_bottom_first_use;true;true;20
event:/sub/pod/climb_out_top;true;true;20
event:/sub/pod/climb_out_top_first_use;true;true;20
event:/sub/pod/fix_panel_powerup;false;false;0
event:/sub/pod/pod_background_damaged;false;false;0
event:/sub/pod/pod_fire;false;false;0
event:/sub/pod/radio/radio_lifepod_17;false;false;0
event:/sub/pod/radio/radio_lifepod_bounceback;false;false;0
event:/sub/pod/radio/radio_new_msg_loop;false;false;0
event:/sub/pod/radio/radio_play;false;false;0
event:/sub/pod/radio/radio_power_on;false;false;0
event:/sub/pod/radio/radioKoosh26;false;false;0
event:/sub/pod/radio/radioSunbeam_not coming;false;false;0
event:/sub/pod/radio/radioSunbeamEvent01;false;false;0
event:/sub/pod/radio/radioSunbeamEvent02;false;false;0
event:/sub/pod/radio/radioSunbeamEvent03;false;false;0
event:/sub/pod/radio/radioSunbeamEvent04;false;false;0
event:/sub/pod/radio/radioSunbeamEvent05;false;false;0
event:/sub/rocket/all_systems_go;false;false;0
event:/sub/rocket/auxilery_on;false;false;0
event:/sub/rocket/computer_on;false;false;0
event:/sub/rocket/coms_on;false;false;0
event:/sub/rocket/end_cin_music;false;false;0
event:/sub/rocket/end_cin_sfx;false;false;0
event:/sub/rocket/epic_splash;false;false;0
event:/sub/rocket/hydrolics_on;false;false;0
event:/sub/rocket/ladders/innerPlatform_ladder_up;true;false;20
event:/sub/rocket/ladders/innerRocketShip_ladder_down;true;false;20
event:/sub/rocket/ladders/innerRocketShip_ladder_up;true;false;20
event:/sub/rocket/ladders/outerPlatform_ladder_up;true;false;20
event:/sub/rocket/lifesupport_on;false;false;0
event:/sub/rocket/lift_beep;false;false;0
event:/sub/rocket/rocket_door_open;true;true;20
event:/sub/rocket/rocket_door_open_inside;true;true;20
event:/sub/rocket/rocket_finished;false;false;0
event:/sub/rocket/rocket_interior_loop;false;false;0
event:/sub/rocket/stage_build;false;false;0
event:/sub/rocket/time capsual_launch;false;false;0
event:/sub/rocket/time_pod_close;true;false;20
event:/sub/rocket/time_pod_open;true;false;20
event:/sub/rocket/time_pod_open_first_use;true;false;20
event:/sub/rocket/time_pod_open_first_use_VO;false;false;0
event:/sub/rocket/use_lift;true;false;20
event:/sub/seamoth/AI_no_power;false;false;0
event:/sub/seamoth/crush_damage;true;true;50
event:/sub/seamoth/crush_depth_update;false;false;0
event:/sub/seamoth/crush_depth_warning;false;false;0
event:/sub/seamoth/depth_update;false;false;0
event:/sub/seamoth/dock;false;false;0
event:/sub/seamoth/dock_seamoth_cyclops;false;false;0
event:/sub/seamoth/enter_seamoth;false;false;0
event:/sub/seamoth/impact_solid_hard;false;false;0
event:/sub/seamoth/impact_solid_medium;false;false;0
event:/sub/seamoth/impact_solid_soft;false;false;0
event:/sub/seamoth/interior_loop;false;false;0
event:/sub/seamoth/pulse;false;false;0
event:/sub/seamoth/pulse_charge_loop;false;false;0
event:/sub/seamoth/seaglide_equip;true;true;10
event:/sub/seamoth/seaglide_light_off;true;true;7
event:/sub/seamoth/seaglide_light_on;true;true;7
event:/sub/seamoth/seaglide_loop_rpm;false;false;60
event:/sub/seamoth/seaglide_rev_up;false;false;60
event:/sub/seamoth/seamoth_light_off;true;true;10
event:/sub/seamoth/seamoth_light_on;true;true;10
event:/sub/seamoth/seamoth_loop_rpm;false;false;90
event:/sub/seamoth/seamoth_rev_up;false;false;75
event:/sub/seamoth/seamoth_stop;false;false;0
event:/sub/seamoth/sonar_loop;false;false;0
event:/sub/seamoth/storage_close;false;false;0
event:/sub/seamoth/storage_open;false;false;0
event:/sub/seamoth/torpedo_armed;false;false;0
event:/sub/seamoth/torpedo_disarmed;false;false;0
event:/sub/seamoth/torpedo_explode_loop;false;false;0
event:/sub/seamoth/torpedo_fire;true;true;100
event:/sub/seamoth/undock;false;false;0
event:/sub/seamoth/undock_seamoth_cyclops;false;false;0
event:/sub/seamoth/welcome;false;false;0
event:/sub_module/fabricator/build;true;false;20
event:/sub_module/fabricator/build_long_loop;true;false;20
event:/sub_module/fabricator/close;true;false;20
event:/sub_module/fabricator/fabricator_click;false;false;0
event:/sub_module/fabricator/menu_up;false;false;0
event:/sub_module/fabricator/negative;false;false;0
event:/sub_module/fabricator/open;true;false;20
event:/sub_module/first_aid/spawn;true;false;20
event:/sub_module/workbench/close;true;false;20
event:/sub_module/workbench/open;true;false;20
event:/tools/airbladder/airbladder_deflate;false;false;0
event:/tools/airbladder/airbladder_deflate_surface;false;false;0
event:/tools/airbladder/airbladder_hold_loop;false;false;0
event:/tools/airbladder/airbladder_inflate;false;false;0
event:/tools/battery_die;false;false;0
event:/tools/battery_insert;false;false;0
event:/tools/beacon/beacon_loop;false;false;0
event:/tools/beacon/draw;false;false;0
event:/tools/builder/complete;false;false;0
event:/tools/builder/deploy;false;false;20
event:/tools/builder/first_use;false;false;0
event:/tools/builder/loop;false;false;0
event:/tools/constructor/bot_1_hover;false;false;0
event:/tools/constructor/bot_2_hover;false;false;0
event:/tools/constructor/bot_3_hover;false;false;0
event:/tools/constructor/bot_4_hover;false;false;0
event:/tools/constructor/bots_build;false;false;0
event:/tools/constructor/bots_out;false;false;0
event:/tools/constructor/constructor_climb;false;false;0
event:/tools/constructor/constructor_deploy_end;false;false;0
event:/tools/constructor/deploy;false;false;0
event:/tools/constructor/spawn;false;false;0
event:/tools/constructor/sub_splash;false;false;0
event:/tools/divereel/breadcrum;false;false;0
event:/tools/divereel/deploy;false;false;0
event:/tools/divereel/reset_path;false;false;0
event:/tools/dolls/jack;false;false;0
event:/tools/dolls/mark;false;false;0
event:/tools/extinguisher/deploy;false;false;0
event:/tools/extinguisher/first use;false;false;0
event:/tools/extinguisher/use_loop;false;false;0
event:/tools/flare/deploy;false;false;20
event:/tools/flare/first_use;false;false;20
event:/tools/flare/on_loop;false;false;20
event:/tools/flare/throw;false;false;20
event:/tools/flashlight/deploy;false;false;20
event:/tools/flashlight/fist_use;false;false;20
event:/tools/flashlight/turn_off;false;false;20
event:/tools/flashlight/turn_on;false;false;20
event:/tools/floating_locker/close;false;false;20
event:/tools/floating_locker/deploy;false;false;20
event:/tools/floating_locker/open;false;false;20
event:/tools/gravcannon/deploy;false;false;0
event:/tools/gravcannon/fail;false;false;0
event:/tools/gravcannon/fire;false;false;0
event:/tools/gravcannon/first_use;false;false;0
event:/tools/gravcannon/grab_loop;false;false;0
event:/tools/gravcannon/ready;false;false;0
event:/tools/gravcannon/reload;false;false;0
event:/tools/gravcannon/repulse;false;false;0
event:/tools/gravsphere/draw;false;false;0
event:/tools/gravsphere/explode;false;false;0
event:/tools/gravsphere/loop;false;false;0
event:/tools/gravsphere/loop_actual;false;false;0
event:/tools/knife/deploy;false;false;10
event:/tools/knife/first_use;false;false;10
event:/tools/knife/heat_hit;true;false;10
event:/tools/knife/heat_idle;true;false;10
event:/tools/knife/hit;true;false;10
event:/tools/knife/swing;true;false;10
event:/tools/knife/swing_surface;true;false;10
event:/tools/lasercutter/cut_loop;true;false;20
event:/tools/lasercutter/deploy;true;false;20
event:/tools/lasercutter/door_cut;true;false;20
event:/tools/lasercutter/first_use;true;false;20
event:/tools/lights/place;false;false;0
event:/tools/pda/close;false;false;20
event:/tools/pda/first_use;false;false;0
event:/tools/pda/open;true;false;20
event:/tools/pda/select;false;false;0
event:/tools/pipes/bubbles_loop;false;false;0
event:/tools/pipes/motor_loop;false;false;0
event:/tools/scanner/draw;false;false;0
event:/tools/scanner/first_use;false;false;0
event:/tools/scanner/new_blueprint;false;false;0
event:/tools/scanner/new_encyclopediea;false;false;0
event:/tools/scanner/new_PDA_data;false;false;0
event:/tools/scanner/scan_complete;false;false;0
event:/tools/scanner/scan_loop;false;false;0
event:/tools/stasis_gun/charge;false;false;20
event:/tools/stasis_gun/deploy;false;false;20
event:/tools/stasis_gun/fire;false;false;20
event:/tools/stasis_gun/first_use;false;false;20
event:/tools/stasis_gun/holding_loop;false;false;20
event:/tools/stasis_gun/sphere_activate;false;false;0
event:/tools/stasis_gun/sphere_deactivate;false;false;0
event:/tools/stasis_gun/sphere_enter;false;false;0
event:/tools/swimcharge;false;false;20
event:/tools/teraformer/cut_loop;false;false;0
event:/tools/teraformer/cut_ready;false;false;0
event:/tools/teraformer/draw;false;false;0
event:/tools/teraformer/place_loop;false;false;0
event:/tools/transfuser/deploy;false;false;0
event:/tools/transfuser/fail;false;false;0
event:/tools/transfuser/inject_serum;false;false;0
event:/tools/transfuser/take_sample;false;false;0
event:/tools/use_loot;false;false;0
event:/tools/welder/deploy;false;false;20
event:/tools/welder/first_use;false;false;20
event:/tools/welder/weld_loop;true;false;20
